Name,GitHubID
ZhaoHong,coderprepares
Neal,Maohua Zhu
XinStar,ludete
Junhua,XieJunhua
Ache,wodeche
Rayerleier,Rayerleier
Lambert,LambertAlpha
Draculabo,Draculabo
Suweet,0530-Suyb
Leo,ququzone
Iyi,jjeejj
cin,kill-er-1
Cora,CHENFANGC
Tim0,tumiao233
YuanboXie,YuanBoXie
AricRedemption,AricRedemption
Derick,DerickIT
Stone,Stonepapa
Xiongyi,WenXiongyi
Oscar,luffythink
Alex,wureny
ChloeZhu,Chloezhu010
Ziicu2019,ziicu2019
Hansen,nocb
xiaodongQ,xiaodongQ
Ray,rayjun
monnaliya,monnaliya
tom_jerry,tomslark123
barry,haobarry
Dust,tmors
Transnature,No-HUL
Antigone4224,antigone4224
Alvan,passer-byzhang
Yiyanwannian,yiyanwannian
GINAYY,GINAYY
Coooder,Coooder-Crypto
liujianyu2022,liujianyu2022
Capybara,Prcentos
billchen-818,billchen-818
hython,joyc
spn,spn21
HazelGong,gongruoz
Punkcan,punkcanyang
Zemmer,Huowuge
Lu,LRlulu
Zedz,zedz
jidalii,jidalii
0xhardman,0xhardman
Kero,keroro520
Warmzhang,zzhenhongg
treesirop,treesirop
btou,btou666
ocean,twiagle
maxwell,maxwell-xing